{
	"format_version": "1.8.0",
	"animations": {
		"animation.mc_giant.idle": {
			"loop": true,
			"animation_length": 2.5,
			"bones": {
				"body2": {
					"rotation": {
						"0.0": [0, 0, 0],
						"0.5833": [-2.5, 0, 0],
						"1.2083": [0, 0, 0],
						"1.875": [2.5, 0, 0],
						"2.5": [0, 0, 0]
					}
				},
				"head": {
					"rotation": {
						"0.0": [0, 0, 0],
						"0.5833": [-2.5, 0, 0],
						"1.2083": [0, 0, 0],
						"1.875": [2.5, 0, 0],
						"2.5": [0, 0, 0]
					}
				},
				"legRight": {
					"rotation": {
						"0.0": [0, 0, 0],
						"0.5833": [-5, 0, 0],
						"1.2083": [0, 0, 0],
						"1.875": [5, 0, 0],
						"2.5": [0, 0, 0]
					}
				},
				"legLeft": {
					"rotation": {
						"0.0": [0, 0, 0],
						"0.5833": [5, -0.00002, 0],
						"1.2083": [0, 0, 0],
						"1.875": [-5, 0, 0],
						"2.5": [0, 0, 0]
					}
				},
				"armLeft": {
					"rotation": {
						"0.0": [0, 0, 0],
						"0.5833": [-5, 0, -5],
						"1.2083": [0, 0, 0],
						"1.875": [5, 0, -5],
						"2.5": [0, 0, 0]
					}
				},
				"armRight": {
					"rotation": {
						"0.0": [0, 0, 0],
						"0.5833": [5, -0.00002, 5],
						"1.2083": [0, 0, 0],
						"1.875": [-5, 0, 5],
						"2.5": [0, 0, 0]
					}
				}
			}
		},
		"animation.mc_giant.move": {
			"loop": true,
			"animation_length": 1,
			"bones": {
				"body2": {
					"rotation": {
						"0.0": [0, 0, 0],
						"0.25": [2.5, 0, 0],
						"0.5": [0, 0, 0],
						"0.75": [2.5, 0, 0],
						"1.0": [0, 0, 0]
					}
				},
				"head": {
					"rotation": {
						"0.0": [0, 0, 0],
						"0.25": [0, 0, 0],
						"0.5": [0, 0, 0],
						"0.75": [2.5, 0, 0],
						"1.0": [0, 0, 0]
					}
				},
				"legRight": {
					"rotation": {
						"0.0": [0, 0, 0],
						"0.25": [-12.5, 0, 0],
						"0.5": [0, 0, 0],
						"0.75": [12.5, 0, 0],
						"1.0": [0, 0, 0]
					}
				},
				"legLeft": {
					"rotation": {
						"0.0": [0, 0, 0],
						"0.25": [12.5, -0.00002, 0],
						"0.5": [0, 0, 0],
						"0.75": [-12.5, 0, 0],
						"1.0": [0, 0, 0]
					}
				},
				"armLeft": {
					"rotation": {
						"0.0": [0, 0, 0],
						"0.25": [-15, 0, -2.5],
						"0.5": [0, 0, 0],
						"0.75": [15, 0, -2.5],
						"1.0": [0, 0, 0]
					}
				},
				"armRight": {
					"rotation": {
						"0.0": [0, 0, 0],
						"0.25": [15, -0.00002, 2.5],
						"0.5": [0, 0, 0],
						"0.75": [-15, 0, 2.5],
						"1.0": [0, 0, 0]
					}
				},
				"body": {
					"rotation": {
						"0.0": [0, 0, 0],
						"0.25": [2.5, 0, 0],
						"0.5": [0, 0, 0],
						"0.75": [2.5, 0, 0],
						"1.0": [0, 0, 0]
					}
				}
			}
		},
		"animation.mc_giant.attack1": {
			"animation_length": 0.5,
			"bones": {
				"body2": {
					"rotation": {
						"0.0": [0, 0, 0],
						"0.125": [2.5, 0, 0],
						"0.25": [0, 0, 0],
						"0.375": [2.5, 0, 0],
						"0.5": [0, 0, 0]
					}
				},
				"head": {
					"rotation": {
						"0.0": [0, 0, 0],
						"0.125": [2.5, 0, 0],
						"0.25": [2.5, 0, 0],
						"0.375": [0, 0, 0],
						"0.5": [0, 0, 0]
					}
				},
				"legRight": {
					"rotation": {
						"0.0": [0, 0, 0],
						"0.125": [-12.5, 0, 0],
						"0.25": [-12.5, 0, 0],
						"0.375": [0, 0, 0],
						"0.5": [0, 0, 0]
					}
				},
				"legLeft": {
					"rotation": {
						"0.0": [0, 0, 0],
						"0.125": [12.5, -0.00002, 0],
						"0.25": [12.5, -0.00002, 0],
						"0.375": [0, 0, 0],
						"0.5": [0, 0, 0]
					}
				},
				"armLeft": {
					"rotation": {
						"0.0": [0, 0, 0],
						"0.125": [-12.28217, -2.57594, -12.1658],
						"0.25": [-12.28217, -2.57594, -12.1658],
						"0.375": [0, 0, 0],
						"0.5": [0, 0, 0]
					}
				},
				"armRight": {
					"rotation": {
						"0.0": [0, 0, 0],
						"0.125": [-170.18838, 13.4041, -43.57416],
						"0.25": [-170.18838, 13.4041, -43.57416],
						"0.375": [0, 0, 0],
						"0.5": [0, 0, 0]
					}
				},
				"body": {
					"rotation": {
						"0.0": [0, 0, 0],
						"0.25": [2.5, 0, 0],
						"0.5": [0, 0, 0]
					}
				}
			}
		},
		"animation.mc_giant.wiggle": {
			"loop": true,
			"animation_length": 10,
			"bones": {
				"body2": {
					"rotation": {
						"0.0": [0, 0, 0],
						"0.4583": [12.5, 0, 0],
						"0.7917": [12.5, 0, 0],
						"1.125": [12.5, 0, 0],
						"1.5": [12.5, 0, 0],
						"1.8333": [12.5, 0, 0],
						"2.1667": [12.5, 0, 0],
						"2.5833": [12.5, 0, 0],
						"2.9167": [12.5, 0, 0],
						"3.25": [12.5, 0, 0],
						"3.625": [12.5, 0, 0],
						"3.9583": [12.5, 0, 0],
						"4.2917": [12.5, 0, 0],
						"4.6667": [12.5, 0, 0],
						"5.0": [12.5, 0, 0],
						"5.3333": [12.5, 0, 0],
						"5.6667": [12.5, 0, 0],
						"6.0": [12.5, 0, 0],
						"6.3333": [12.5, 0, 0],
						"10.0": [12.5, 0, 0]
					},
					"position": {
						"0.4583": [0, 0, -2],
						"0.7917": [0, 0, -2],
						"1.125": [0, 0, -2],
						"1.5": [0, 0, -2],
						"1.8333": [0, 0, -2],
						"2.1667": [0, 0, -2],
						"2.5833": [0, 0, -2],
						"2.9167": [0, 0, -2],
						"3.25": [0, 0, -2],
						"3.625": [0, 0, -2],
						"3.9583": [0, 0, -2],
						"4.2917": [0, 0, -2],
						"4.6667": [0, 0, -2],
						"5.0": [0, 0, -2],
						"5.3333": [0, 0, -2],
						"5.6667": [0, 0, -2],
						"6.0": [0, 0, -2],
						"6.3333": [0, 0, -2],
						"10.0": [0, 0, -2]
					}
				},
				"head": {
					"rotation": {
						"0.0": [0, 0, 0],
						"0.3333": [15, 0, 0],
						"0.6667": [20, 0, 0],
						"1.0": [15, 0, 0],
						"1.375": [15, 0, 0],
						"1.7083": [20, 0, 0],
						"2.0417": [15, 0, 0],
						"2.4583": [15, 0, 0],
						"2.7917": [20, 0, 0],
						"3.125": [15, 0, 0],
						"3.5": [15, 0, 0],
						"3.8333": [20, 0, 0],
						"4.1667": [15, 0, 0],
						"4.5417": [15, 0, 0],
						"4.875": [20, 0, 0],
						"5.2083": [15, 0, 0],
						"5.5417": [15, 0, 0],
						"5.875": [20, 0, 0],
						"6.2083": [15, 0, 0],
						"10.0": [20, 0, 0]
					},
					"position": {
						"0.0": [0, 0, 0],
						"0.3333": [0, 0, -2],
						"0.6667": [0, 0, -3],
						"1.0": [0, 0, -2],
						"1.375": [0, 0, -2],
						"1.7083": [0, 0, -3],
						"2.0417": [0, 0, -2],
						"2.4583": [0, 0, -2],
						"2.7917": [0, 0, -3],
						"3.125": [0, 0, -2],
						"3.5": [0, 0, -2],
						"3.8333": [0, 0, -3],
						"4.1667": [0, 0, -2],
						"4.5417": [0, 0, -2],
						"4.875": [0, 0, -3],
						"5.2083": [0, 0, -2],
						"5.5417": [0, 0, -2],
						"5.875": [0, 0, -3],
						"6.2083": [0, 0, -2],
						"10.0": [0, 0, -3]
					}
				},
				"legRight": {
					"rotation": {
						"0.0": [0, 0, 0],
						"0.3333": [0, 0, 5],
						"0.6667": [0, 0, 7.5],
						"1.0": [0, 0, 5],
						"1.375": [0, 0, 5],
						"1.7083": [0, 0, 7.5],
						"2.0417": [0, 0, 5],
						"2.4583": [0, 0, 5],
						"2.7917": [0, 0, 7.5],
						"3.125": [0, 0, 5],
						"3.5": [0, 0, 5],
						"3.8333": [0, 0, 7.5],
						"4.1667": [0, 0, 5],
						"4.5417": [0, 0, 5],
						"4.875": [0, 0, 7.5],
						"5.2083": [0, 0, 5],
						"5.5417": [0, 0, 5],
						"5.875": [0, 0, 7.5],
						"6.2083": [0, 0, 5],
						"10.0": [0, 0, 7.5]
					}
				},
				"legLeft": {
					"rotation": {
						"0.0": [0, 0, 0],
						"0.3333": [0, 0, -5],
						"0.6667": [0, 0, -7.5],
						"1.0": [0, 0, -5],
						"1.375": [0, 0, -5],
						"1.7083": [0, 0, -7.5],
						"2.0417": [0, 0, -5],
						"2.4583": [0, 0, -5],
						"2.7917": [0, 0, -7.5],
						"3.125": [0, 0, -5],
						"3.5": [0, 0, -5],
						"3.8333": [0, 0, -7.5],
						"4.1667": [0, 0, -5],
						"4.5417": [0, 0, -5],
						"4.875": [0, 0, -7.5],
						"5.2083": [0, 0, -5],
						"5.5417": [0, 0, -5],
						"5.875": [0, 0, -7.5],
						"6.2083": [0, 0, -5],
						"10.0": [0, 0, -7.5]
					}
				},
				"armLeft": {
					"rotation": {
						"0.0": [0, 0, 0],
						"0.4583": [0, 0, -12.5],
						"0.6667": [0, 0, -15],
						"0.7917": [0, 0, -12.5],
						"1.125": [0, 0, -12.5],
						"1.5": [0, 0, -12.5],
						"1.7083": [0, 0, -15],
						"1.8333": [0, 0, -12.5],
						"2.1667": [0, 0, -12.5],
						"2.5833": [0, 0, -12.5],
						"2.7917": [0, 0, -15],
						"2.9167": [0, 0, -12.5],
						"3.25": [0, 0, -12.5],