{
	"format_version": "1.8.0",
	"animations": {
		"animation.mc_crocodile.idle": {
			"loop": true,
			"animation_length": 1.5,
			"bones": {
				"tail1": {
					"relative_to": {
						"rotation": "entity"
					},
					"rotation": {
						"0.0": [0, 0, 0],
						"0.375": [0, -5, 0],
						"0.75": [0, 0, 0],
						"1.125": [0, 5, 0],
						"1.5": [0, 0, 0]
					}
				},
				"tail2": {
					"rotation": {
						"0.0": [0, 0, 0],
						"0.375": [0, -7.5, 0],
						"0.75": [0, 0, 0],
						"1.125": [0, 7.5, 0],
						"1.5": [0, 0, 0]
					}
				},
				"tail3": {
					"rotation": {
						"0.0": [0, 0, 0],
						"0.375": [0, -7.5, 0],
						"0.75": [0, 0, 0],
						"1.125": [0, 7.5, 0],
						"1.5": [0, 0, 0]
					}
				},
				"head": {
					"rotation": {
						"0.0": [0, 0, 0],
						"0.75": [0, -2.5, 0],
						"1.5": [0, 0, 0]
					}
				},
				"leftLeg1": {
					"rotation": {
						"0.0": [0, 0, 0],
						"0.75": [0, 2.5, 0],
						"1.5": [0, 0, 0]
					}
				},
				"leftLeg2": {
					"rotation": {
						"0.0": [0, 0, 0],
						"0.75": [0, 2.5, 0],
						"1.5": [0, 0, 0]
					}
				},
				"rightLeg1": {
					"rotation": {
						"0.0": [0, 0, 0],
						"0.75": [0, 2.5, 0],
						"1.5": [0, 0, 0]
					}
				},
				"rightLeg2": {
					"rotation": {
						"0.0": [0, 0, 0],
						"0.75": [0, 2.5, 0],
						"1.5": [0, 0, 0]
					}
				}
			}
		},
		"animation.mc_crocodile.move": {
			"loop": true,
			"animation_length": 1.5,
			"bones": {
				"tail1": {
					"relative_to": {
						"rotation": "entity"
					},
					"rotation": {
						"0.0": [0, 0, 0],
						"0.375": [0, -5, 0],
						"0.75": [0, 0, 0],
						"1.125": [0, 5, 0],
						"1.5": [0, 0, 0]
					}
				},
				"tail2": {
					"rotation": {
						"0.0": [0, 0, 0],
						"0.375": [0, -7.5, 0],
						"0.75": [0, 0, 0],
						"1.125": [0, 7.5, 0],
						"1.5": [0, 0, 0]
					}
				},
				"tail3": {
					"rotation": {
						"0.0": [0, 0, 0],
						"0.375": [0, -7.5, 0],
						"0.75": [0, 0, 0],
						"1.125": [0, 7.5, 0],
						"1.5": [0, 0, 0]
					}
				},
				"head": {
					"rotation": {
						"0.0": [0, 0, 0],
						"0.375": [0, -2.5, 0],
						"0.75": [0, 0, 0],
						"1.125": [0, 2.5, 0],
						"1.5": [0, 0, 0]
					}
				},
				"leftLeg1": {
					"rotation": {
						"0.0": [0, 0, 0],
						"0.375": [15, 16.25, 0],
						"0.75": [0, 2.5, 0],
						"1.125": [-3.65653, 36.0903, -6.19163],
						"1.5": [0, 0, 0]
					}
				},
				"leftLeg2": {
					"rotation": {
						"0.0": [0, 0, 0],
						"0.375": [-3.65653, 36.0903, -6.19163],
						"0.75": [0, 2.5, 0],
						"1.125": [15, 16.25, 0],
						"1.5": [0, 0, 0]
					}
				},
				"rightLeg1": {
					"rotation": {
						"0.0": [0, 0, 0],
						"0.375": [-3.65653, 36.0903, -6.19163],
						"0.75": [0, 2.5, 0],
						"1.125": [15, 16.25, 0],
						"1.5": [0, 0, 0]
					}
				},
				"rightLeg2": {
					"rotation": {
						"0.0": [0, 0, 0],
						"0.375": [15, 16.25, 0],
						"0.75": [0, 2.5, 0],
						"1.125": [-3.65653, 36.0903, -6.19163],
						"1.5": [0, 0, 0]
					}
				},
				"body": {
					"rotation": {
						"0.0": [0, 0, 0],
						"0.375": [0, 6.25, 0],
						"0.75": [0, 2.5, 0],
						"1.125": [2.5, -1.25, 0],
						"1.5": [0, 0, 0]
					}
				},
				"mouth1": {
					"rotation": {
						"0.0": [0, 0, 0],
						"0.375": [-2.5, 0, 0],
						"0.75": [0, 0, 0],
						"1.125": [-2.5, 0, 0],
						"1.5": [0, 0, 0]
					}
				}
			}
		},
		"animation.mc_crocodile.move_target_acquired": {
			"loop": true,
			"animation_length": 1.5,
			"bones": {
				"tail1": {
					"relative_to": {
						"rotation": "entity"
					},
					"rotation": {
						"0.0": [0, 0, 0],
						"0.375": [0, -5, 0],
						"0.75": [0, 0, 0],
						"1.125": [0, 5, 0],
						"1.5": [0, 0, 0]
					}
				},
				"tail2": {
					"rotation": {
						"0.0": [0, 0, 0],
						"0.375": [0, -7.5, 0],
						"0.75": [0, 0, 0],
						"1.125": [0, 7.5, 0],
						"1.5": [0, 0, 0]
					}
				},
				"tail3": {
					"rotation": {
						"0.0": [0, 0, 0],
						"0.375": [0, -7.5, 0],
						"0.75": [0, 0, 0],
						"1.125": [0, 7.5, 0],
						"1.5": [0, 0, 0]
					}
				},
				"head": {
					"rotation": {
						"0.0": [0, 0, 0],
						"0.375": [0, -2.5, 0],
						"0.75": [0, 0, 0],
						"1.125": [0, 2.5, 0],
						"1.5": [0, 0, 0]
					}
				},
				"leftLeg1": {
					"rotation": {
						"0.0": [0, 0, 0],
						"0.375": [15, 16.25, 0],
						"0.75": [0, 2.5, 0],
						"1.125": [-3.65653, 36.0903, -6.19163],
						"1.5": [0, 0, 0]
					}
				},
				"leftLeg2": {
					"rotation": {
						"0.0": [0, 0, 0],
						"0.375": [-3.65653, 36.0903, -6.19163],
						"0.75": [0, 2.5, 0],
						"1.125": [15, 16.25, 0],
						"1.5": [0, 0, 0]
					}
				},
				"rightLeg1": {
					"rotation": {
						"0.0": [0, 0, 0],
						"0.375": [-3.65653, 36.0903, -6.19163],
						"0.75": [0, 2.5, 0],
						"1.125": [15, 16.25, 0],
						"1.5": [0, 0, 0]
					}
				},
				"rightLeg2": {
					"rotation": {
						"0.0": [0, 0, 0],
						"0.375": [15, 16.25, 0],
						"0.75": [0, 2.5, 0],
						"1.125": [-3.65653, 36.0903, -6.19163],
						"1.5": [0, 0, 0]
					}
				},
				"body": {
					"rotation": {
						"0.0": [0, 0, 0],
						"0.375": [0, 6.25, 0],
						"0.75": [0, 2.5, 0],
						"1.125": [2.5, -1.25, 0],
						"1.5": [0, 0, 0]
					}
				},
				"mouth1": {
					"rotation": {
						"0.0": [-25, 0, 0],
						"0.375": [-35, 0, 0],
						"0.75": [-25, 0, 0],
						"1.125": [-35, 0, 0],
						"1.5": [-25, 0, 0]
					}
				}
			}
		},
		"animation.mc_crocodile.attack1": {
			"animation_length": 0.75,
			"bones": {
				"tail1": {
					"relative_to": {
						"rotation": "entity"
					},
					"rotation": {
						"0.0": [0, 0, 0],
						"0.375": [0, -5, 0],
						"0.75": [0, 0, 0]
					}
				},
				"tail2": {
					"rotation": {
						"0.0": [0, 0, 0],
						"0.375": [0, -7.5, 0],
						"0.75": [0, 0, 0]
					}
				},
				"tail3": {
					"rotation": {
						"0.0": [0, 0, 0],
						"0.375": [0, -7.5, 0],
						"0.75": [0, 0, 0]
					}
				},
				"head": {
					"rotation": {
						"0.0": [0, 0, 0],
						"0.375": [0, -2.5, 0],
						"0.75": [0, 0, 0]
					}
				},
				"leftLeg1": {
					"rotation": {
						"0.0": [0, 0, 0],
						"0.375": [15, 16.25, 0],
						"0.75": [0, 0, 0]
					}
				},
				"leftLeg2": {
					"rotation": {
						"0.0": [0, 0, 0],
						"0.375": [-3.65653, 36.0903, -6.19163],
						"0.75": [0, 0, 0]
					}
				},
				"rightLeg1": {
					"rotation": {
						"0.0": [0, 0, 0],
						"0.375": [-3.65653, 36.0903, -6.19163],
						"0.75": [0, 0, 0]
					}
				},
				"rightLeg2": {
					"rotation": {
						"0.0": [0, 0, 0],
						"0.375": [15, 16.25, 0],
						"0.75": [0, 0, 0]
					}
				},
				"body": {
					"rotation": {
						"0.0": [0, 0, 0],
						"0.375": [0, 6.25, 0],
						"0.75": [0, 0, 0]
					},
					"position": {
						"0.0": [0, 0, 0],
						"0.1667": [0, 0, -4],
						"0.4583": [0, 0, -4],
						"0.75": [0, 0, 0]
					}
				},
				"mouth1": {
					"rotation": {
						"0.0": [-25, 0, 0],
						"0.1667": [-64.17, 0, 0],
						"0.3333": [-7.08, 0, 0],
						"0.75": [0, 0, 0]
					}
				}
			}
		},
		"animation.mc_crocodile.attack2": {
			"animation_length": 0.75,
			"bones": {
				"tail1": {
					"relative_to": {
						"rotation": "entity"
					},
					"rotation": {
						"0.0": [0, 0, 0],
						"0.0833": [-2.77778, 0, -90],
						"0.1667": [0, -6.25, -180],
						"0.25": [6.25, 0, -270],
						"0.3333": [0, 6.25, -360],
						"0.4167": [-6.25, 0, -450],
						"0.5": [0, -6.25, -540],
						"0.5833": [6.25, 0, -630],
						"0.6667": [0, 6.25, -720]
					}
				},
				"tail2": {
					"rotation": {
						"0.0": [0, 0, 0],
						"0.375": [0, -7.5, 0],
						"0.75": [0, 0, 0]
					}
				},
				"tail3": {
					"rotation": {
						"0.0": [0, 0, 0],
						"0.375": [0, -7.5, 0],
						"0.75": [0, 0, 0]
					}
				},
				"head": {
					"rotation": {
						"0.0": [0, 0, 0],
						"0.0833": [-2.77778, 0, -90],
						"0.1667": [0, -6.25, -180],
						"0.25": [6.25, 0, -270],
						"0.3333": [0, 6.25, -360],