{
	"format_version": "1.8.0",
	"animations": {
		"animation.mc_death.idle": {
			"loop": true,
			"animation_length": 2.5,
			"bones": {
				"body_human": {
					"rotation": {
						"0.0": [0, 0, 0],
						"1.25": [-2.5, 0, 0],
						"2.5": [0, 0, 0]
					}
				},
				"head": {
					"rotation": {
						"0.0": [0, 0, 0],
						"0.5417": [-2.50238, -2.49762, 0.10912],
						"1.7083": [5, 0, 0],
						"2.125": [2.5, 0, 0],
						"2.5": [0, 0, 0]
					}
				},
				"leftArm": {
					"rotation": {
						"0.0": [0, 0, 0],
						"0.75": [-5, 0, -5],
						"1.6667": [5, 0, -5],
						"2.5": [0, 0, 0]
					}
				},
				"rightArm": {
					"rotation": {
						"0.0": [0, 0, 0],
						"0.75": [5, -0.00002, 5],
						"1.6667": [-5, 0, 5],
						"2.5": [0, 0, 0]
					}
				},
				"tail": {
					"rotation": {
						"0.0": [-35, 0, 0],
						"1.25": [-45, 0, 0],
						"2.5": [-35, 0, 0]
					}
				},
				"leg_left_back6": {
					"rotation": {
						"0.0": [0, 0, 0],
						"2.5": [0, 0, 0]
					},
					"position": {
						"0.0": [0, 0, 0],
						"1.25": [0, 0.5, 0],
						"2.5": [0, 0, 0]
					}
				},
				"leg_right_back": {
					"rotation": {
						"0.0": [0, 0, 0],
						"2.5": [0, 0, 0]
					},
					"position": {
						"0.0": [0, 0, 0],
						"1.25": [0, 0.5, 0],
						"2.5": [0, 0, 0]
					}
				},
				"waist": {
					"rotation": {
						"0.0": [0, 0, 0],
						"0.6667": [5, 0, 0],
						"1.7917": [-5, 0, -0.97],
						"2.5": [0, 0, 0]
					},
					"position": {
						"0.0": [0, 0, 0],
						"0.6667": [0, 1, 0],
						"1.7917": [0, 0.29, 0],
						"2.5": [0, 0, 0]
					}
				}
			}
		},
		"animation.mc_death.move": {
			"loop": true,
			"animation_length": 2,
			"bones": {
				"body_human": {
					"rotation": {
						"0.0": [0, 0, 0],
						"0.5": [2.5, 0, 0],
						"1.0": [0, 0, 0]
					}
				},
				"leftArm": {
					"rotation": {
						"0.0": [0, 0, 0],
						"0.5": [-22.42287, -1.91134, -4.62111],
						"1.0": [0, 0, 0],
						"1.5": [24.97911, 1.05627, -2.26603],
						"2.0": [0, 0, 0]
					}
				},
				"rightArm": {
					"rotation": {
						"0.0": [0, 0, 0],
						"0.5": [24.97911, -1.0563, 2.266],
						"1.0": [0, 0, 0],
						"1.5": [-22.42287, 1.9113, 4.6211],
						"2.0": [0, 0, 0]
					}
				},
				"tail": {
					"rotation": {
						"0.0": [-35, 0, 0],
						"0.2083": [20, 0, 0],
						"0.5417": [-35, 0, 0],
						"0.7917": [-40, 0, 0],
						"1.0": [-35, 0, 0]
					}
				},
				"leg_left_back6": {
					"rotation": {
						"0.0": [0, 0, 0],
						"0.25": [-25, 0, 0],
						"0.5": [0, 0, 0],
						"0.75": [20, 0, 0],
						"1.0": [0, 0, 0]
					},
					"position": {
						"0.0": [0, 0, 0],
						"0.25": [0, 1, -1],
						"0.5": [0, 0, 0],
						"0.75": [0, -1, 1],
						"1.0": [0, 0, 0]
					}
				},
				"leg_right_back": {
					"rotation": {
						"0.0": [0, 0, 0],
						"0.25": [-25, 0, 0],
						"0.5": [0, 0, 0],
						"0.75": [20, 0, 0],
						"1.0": [0, 0, 0]
					},
					"position": {
						"0.0": [0, 0, 0],
						"0.25": [0, -1, -1],
						"0.5": [0, 0, 0],
						"0.75": [0, 0, 0],
						"1.0": [0, 0, 0]
					}
				},
				"leg_right_back5": {
					"rotation": {
						"0.0": [0, 0, 0],
						"0.25": [20, 0, 0],
						"0.5": [0, 0, 0],
						"0.75": [-25, 0, 0],
						"1.0": [0, 0, 0]
					},
					"position": {
						"0.0": [0, 0, 0],
						"0.25": [0, -1, 1],
						"0.5": [0, 0, 0],
						"0.75": [0, 1, -1],
						"1.0": [0, 0, 0]
					}
				},
				"leg_right_back9": {
					"rotation": {
						"0.0": [0, 0, 0],
						"0.25": [22.5, 0, 0],
						"0.5": [0, 0, 0],
						"0.75": [22.5, 0, 0],
						"1.0": [0, 0, 0]
					}
				},
				"leg_right_back10": {
					"rotation": {
						"0.0": [0, 0, 0],
						"0.25": [35, 0, 0],
						"0.75": [0, 0, 0],
						"1.0": [0, 0, 0]
					}
				},
				"leg_left_back7": {
					"rotation": {
						"0.0": [0, 0, 0],
						"0.25": [22.5, 0, 0],
						"0.5": [0, 0, 0],
						"0.75": [22.5, 0, 0],
						"1.0": [0, 0, 0]
					}
				},
				"leg_left_back8": {
					"rotation": {
						"0.0": [0, 0, 0],
						"0.25": [0, 0, 0],
						"0.75": [35, 0, 0],
						"1.0": [0, 0, 0]
					}
				},
				"leg_left_back": {
					"rotation": {
						"0.0": [0, 0, 0],
						"0.25": [20, 0, 0],
						"0.5": [0, 0, 0],
						"0.75": [-25, 0, 0],
						"1.0": [0, 0, 0]
					},
					"position": {
						"0.0": [0, 0, 0],
						"0.25": [0, 0, 0],
						"0.5": [0, 0, 0],
						"0.75": [0, -1, -1],
						"1.0": [0, 0, 0]
					}
				},
				"leg_left_back4": {
					"rotation": {
						"0.0": [0, 0, 0],
						"0.2083": [0, 0, 0],
						"0.7917": [35, 0, 0],
						"1.0": [0, 0, 0]
					}
				},
				"leg_right_back4": {
					"rotation": {
						"0.0": [0, 0, 0],
						"0.2083": [35, 0, 0],
						"0.7917": [0, 0, 0],
						"1.0": [0, 0, 0]
					}
				},
				"body2": {
					"position": {
						"0.0": [0, 0, 0],
						"0.25": [0, 0.5, 0],
						"0.5": [0, 0, 0],
						"1.0": [0, 0, 0]
					}
				},
				"head": {
					"rotation": {
						"0.0": [0, 0, 0],
						"0.5833": [-2.5, 0, 0],
						"1.4167": [3.75, 0, 0],
						"2.0": [0, 0, 0]
					}
				},
				"waist": {
					"rotation": {
						"0.0": [0, 0, 0],
						"0.5": [4.99527, 0.21782, -2.4905],
						"1.2917": [-2.63638, 0.11496, 3.81916],
						"2.0": [0, 0, 0]
					},
					"position": {
						"0.0": [0, 0, 0],
						"0.5": [0, 1, 0],
						"1.2917": [0, -1.58, 0],
						"2.0": [0, 0, 0]
					}
				}
			}
		},
		"animation.mc_death.target_acquired": {
			"animation_length": 1.5,
			"bones": {
				"body_human": {
					"rotation": {
						"0.0": [0, 0, 0],
						"0.25": [35, 0, 0],
						"1.25": [35, 0, 0],
						"1.5": [0, 0, 0]
					},
					"position": {
						"0.0": [0, 0, 0],
						"0.25": [0, -1, -1],
						"1.25": [0, -1, -1]
					}
				},
				"head": {
					"rotation": {
						"0.0": [0, 0, 0],
						"0.375": [8.75, 0, 0],
						"0.75": [-7.5, 0, 0],
						"1.1667": [-5, 0, 0],
						"1.5": [0, 0, 0]
					}
				},
				"leftArm": {
					"rotation": {
						"0.0": [0, 0, 0],
						"0.25": [-30.48811, -75.4534, -73.68934],
						"0.5": [-66.79872, -70.11809, -43.44254],
						"0.875": [-53.30797, -62.51279, -27.90073],
						"1.25": [-56.19055, -65.44654, -38.7028],
						"1.5": [0, 0, 0]
					}
				},
				"rightArm": {
					"rotation": {
						"0.0": [0, 0, 0],
						"0.25": [8.66235, -8.3109, 18.2561],
						"0.8333": [-22.42287, 1.9113, 4.6211],
						"1.0417": [-29.51817, 4.75109, 11.57517],
						"1.25": [-29.13986, -0.21329, 2.64426],
						"1.5": [0, 0, 0]
					}
				},
				"tail": {
					"rotation": {
						"0.0": [-35, 0, 0],
						"0.2083": [20, 0, 0],
						"0.5417": [-35, 0, 0],
						"0.7917": [-40, 0, 0],
						"1.0": [-35, 0, 0]
					}
				},
				"leg_left_back6": {
					"rotation": {
						"0.0": [0, 0, 0],
						"0.25": [-25, 0, 0],
						"0.5": [0, 0, 0],
						"0.75": [20, 0, 0],
						"1.0": [0, 0, 0],
						"1.25": [20, 0, 0],
						"1.5": [0, 0, 0]
					},
					"position": {
						"0.0": [0, 0, 0],
						"0.25": [0, 1, -1],
						"0.5": [0, 0, 0],
						"0.75": [0, -1, 1],
						"1.0": [0, 0, 0],
						"1.25": [0, -1, 1],
						"1.5": [0, 0, 0]
					}
				},
				"leg_right_back": {
					"rotation": {
						"0.0": [0, 0, 0],
						"0.25": [-17.5, 0, 0],
						"0.5": [0, 0, 0],
						"1.25": [20, 0, 0],
						"1.5": [0, 0, 0]
					},
					"position": {
						"0.0": [0, 0, 0],
						"0.25": [0, -1, -1],
						"0.5": [0, 0, 0],
						"1.25": [0, 0, 0],
						"1.5": [0, 0, 0]
					}
				},
				"leg_right_back5": {
					"rotation": {
						"0.0": [0, 0, 0],
						"0.25": [20, 0, 0],
						"0.5": [0, 0, 0],
						"0.75": [-25, 0, 0],
						"1.0": [0, 0, 0],
						"1.25": [-25, 0, 0],
						"1.5": [0, 0, 0]
					},
					"position": {
						"0.0": [0, 0, 0],
						"0.25": [0, -1, 1],
						"0.5": [0, 0, 0],
						"0.75": [0, 1, -1],
						"1.0": [0, 0, 0],
						"1.25": [0, 1, -1],
						"1.5": [0, 0, 0]
					}
				},
				"leg_right_back9": {
					"rotation": {
						"0.0": [0, 0, 0],
						"0.25": [22.5, 0, 0],
						"0.5": [0, 0, 0],
						"1.25": [22.5, 0, 0],