{
	"format_version": "1.8.0",
	"animations": {
		"animation.mc_fire_spirit.move": {
			"loop": true,
			"animation_length": 0.5,
			"bones": {
				"head": {
					"rotation": {
						"0.0": [0, 0, 0],
						"0.125": [0, -5, 0],
						"0.25": [0, 0, 0],
						"0.375": [0, 5, 0],
						"0.5": [0, 0, 0]
					}
				},
				"leftArm": {
					"rotation": {
						"0.0": [-220, -85, 112.5],
						"0.25": [-94.86815, -38.11813, -14.59808],
						"0.5": [-220, -85, 112.5]
					}
				},
				"rightArm": {
					"rotation": {
						"0.0": [-220, 85, -112.5],
						"0.25": [-94.86815, 38.11813, 14.59808],
						"0.5": [-220, 85, -112.5]
					}
				},
				"leftLeg": {
					"rotation": {
						"0.0": [0, 0, 0],
						"0.125": [-62.5, 0, 0],
						"0.25": [0, 0, 0],
						"0.375": [62.5, 0, 0],
						"0.5": [0, 0, 0]
					}
				},
				"rightLeg": {
					"rotation": {
						"0.0": [0, 0, 0],
						"0.125": [62.5, 0, 0],
						"0.25": [0, 0, 0],
						"0.375": [-62.5, 0, 0],
						"0.5": [0, 0, 0]
					}
				}
			}
		},
		"animation.mc_fire_spirit.jump": {
			"animation_length": 10.04167,
			"bones": {
				"head": {
					"rotation": {
						"0.0": [0, 0, 0],
						"0.25": [0, 0, 0]
					}
				},
				"leftArm": {
					"rotation": {
						"0.0": [-220, -85, 112.5],
						"0.25": [-94.86815, -38.11813, -14.59808],
						"0.5": [-220, -85, 112.5]
					}
				},
				"rightArm": {
					"rotation": {
						"0.0": [-220, 85, -112.5],
						"0.25": [-94.86815, 38.11813, 14.59808],
						"0.5": [-220, 85, -112.5]
					}
				},
				"leftLeg": {
					"rotation": {
						"0.0": [0, 0, 0],
						"0.25": [0, 0, -12.5],
						"0.5": [-20, 0, -12.5]
					}
				},
				"rightLeg": {
					"rotation": {
						"0.0": [0, 0, 0],
						"0.25": [0, 0, 12.5],
						"0.5": [-17.5, 0, 12.5]
					}
				}
			}
		},
		"animation.mc_fire_spirit.particle": {
			"animation_length": 3,
			"particle_effects": {
				"0.0": {
					"effect": "fire",
					"locator": "particle_emitter"
				}
			}
		}
	}
}