{
	"format_version": "1.8.0",
	"animations": {
		"animation.mc_giant_wolf.idle": {
			"loop": true,
			"animation_length": 1.5,
			"bones": {
				"head": {
					"rotation": {
						"0.0": [0, 0, 0],
						"0.5": [7.5, 0, 0],
						"0.7917": [5.31, 0, 0],
						"1.2917": [-0.92477, 7.4972, 0.20558],
						"1.5": [0, 0, 0]
					}
				},
				"mouth2": {
					"rotation": {
						"0.0": [0, 0, 0],
						"0.5": [2.5, 0, 0],
						"0.7917": [5.31, 0, 0],
						"1.2917": [4.07523, 7.4972, 0.20558],
						"1.5": [0, 0, 0]
					}
				},
				"tail": {
					"rotation": {
						"0.0": [0, 0, 0],
						"0.375": [32.10887, -5.71902, 8.2169],
						"0.7917": [5.31, 0, 0],
						"1.1667": [24.44093, 5.73576, -11.12501],
						"1.5": [0, 0, 0]
					}
				},
				"leg_left1": {
					"rotation": {
						"0.0": [0, 0, 0],
						"0.4167": [-2.5, 0, 0],
						"0.7917": [0, 0, 0],
						"1.1667": [2.5, 0, 0],
						"1.5": [0, 0, 0]
					}
				},
				"down_leg_left1": {
					"rotation": {
						"0.0": [0, 0, 0],
						"0.4167": [2.79, 0, 0],
						"0.7917": [0, 0, 0],
						"1.1667": [-2.5, 0, 0],
						"1.5": [0, 0, 0]
					}
				},
				"leg_left2": {
					"rotation": {
						"0.0": [0, 0, 0],
						"0.4167": [2.5, 0, 0],
						"0.7917": [0, 0, 0],
						"1.1667": [-2.5, 0, 0],
						"1.5": [0, 0, 0]
					}
				},
				"down_leg_left2": {
					"rotation": {
						"0.0": [0, 0, 0],
						"0.4167": [-2.79, 0, 0],
						"0.7917": [0, 0, 0],
						"1.1667": [2.5, 0, 0],
						"1.5": [0, 0, 0]
					}
				},
				"leg_right1": {
					"rotation": {
						"0.0": [0, 0, 0],
						"0.4167": [2.5, 0, 0],
						"0.7917": [0, 0, 0],
						"1.1667": [-2.5, 0, 0],
						"1.5": [0, 0, 0]
					}
				},
				"down_leg_right1": {
					"rotation": {
						"0.0": [0, 0, 0],
						"0.4167": [-2.79, 0, 0],
						"0.7917": [0, 0, 0],
						"1.1667": [2.5, 0, 0],
						"1.5": [0, 0, 0]
					}
				},
				"leg_right2": {
					"rotation": {
						"0.0": [0, 0, 0],
						"0.4167": [-2.5, 0, 0],
						"0.7917": [0, 0, 0],
						"1.1667": [2.5, 0, 0],
						"1.5": [0, 0, 0]
					}
				},
				"down_leg_right2": {
					"rotation": {
						"0.0": [0, 0, 0],
						"0.4167": [2.79, 0, 0],
						"0.7917": [0, 0, 0],
						"1.1667": [-2.5, 0, 0],
						"1.5": [0, 0, 0]
					}
				}
			}
		},
		"animation.mc_giant_wolf.move": {
			"loop": true,
			"animation_length": 0.75,
			"bones": {
				"head": {
					"rotation": {
						"0.0": [0, 0, 0],
						"0.2083": [5, 0, 5],
						"0.375": [0, 0, 0],
						"0.5833": [5, 0, -5],
						"0.75": [0, 0, 0]
					}
				},
				"body": {
					"rotation": {
						"0.0": [0, 0, 0],
						"0.2083": [0, 0, -5],
						"0.375": [0, 0, 0],
						"0.5833": [0, 0, 5],
						"0.75": [0, 0, 0]
					}
				},
				"tail": {
					"rotation": {
						"0.0": [0, 0, 0],
						"0.1667": [-37.5, 0, 0],
						"0.3333": [0, 0, 0],
						"0.5417": [37.5, 0, 0],
						"0.75": [0, 0, 0]
					}
				},
				"leg_left1": {
					"rotation": {
						"0.0": [0, 0, 0],
						"0.1667": [-35, 0, 0],
						"0.3333": [0, 0, 0],
						"0.5417": [35, 0, 0],
						"0.75": [0, 0, 0]
					}
				},
				"leg_left2": {
					"rotation": {
						"0.0": [0, 0, 0],
						"0.1667": [37.5, 0, 0],
						"0.3333": [0, 0, 0],
						"0.5417": [-37.5, 0, 0],
						"0.75": [0, 0, 0]
					}
				},
				"leg_right1": {
					"rotation": {
						"0.0": [0, 0, 0],
						"0.1667": [35, 0, 0],
						"0.3333": [0, 0, 0],
						"0.5417": [-35, 0, 0],
						"0.75": [0, 0, 0]
					}
				},
				"leg_right2": {
					"rotation": {
						"0.0": [0, 0, 0],
						"0.1667": [-37.5, 0, 0],
						"0.3333": [0, 0, 0],
						"0.5417": [37.5, 0, 0],
						"0.75": [0, 0, 0]
					}
				}
			}
		},
		"animation.mc_giant_wolf.attack1": {
			"animation_length": 0.75,
			"bones": {
				"head": {
					"rotation": {
						"0.0": [0, 0, 0],
						"0.2083": [-12.48107, -0.43523, 2.51893],
						"0.375": [0, 0, 0],
						"0.5417": [-12.48107, 0.43523, -2.51893],
						"0.75": [0, 0, 0]
					}
				},
				"tail": {
					"rotation": {
						"0.0": [0, 0, 0],
						"0.1667": [-37.5, 0, 0],
						"0.3333": [0, 0, 0],
						"0.5417": [37.5, 0, 0],
						"0.75": [0, 0, 0]
					}
				},
				"leg_left1": {
					"rotation": {
						"0.0": [0, 0, 0],
						"0.375": [-5, 0, -5],
						"0.75": [0, 0, 0]
					}
				},
				"leg_left2": {
					"rotation": {
						"0.0": [0, 0, 0],
						"0.375": [4.99527, 0.21782, -2.4905],
						"0.75": [0, 0, 0]
					}
				},
				"leg_right1": {
					"rotation": {
						"0.0": [0, 0, 0],
						"0.375": [-5, 0, 5],
						"0.75": [0, 0, 0]
					}
				},
				"leg_right2": {
					"rotation": {
						"0.0": [0, 0, 0],
						"0.375": [4.99527, 0.21782, 2.4905],
						"0.75": [0, 0, 0]
					}
				},
				"mouth2": {
					"rotation": {
						"0.0": [0, 0, 0],
						"0.375": [57.5, 0, 0],
						"0.75": [0, 0, 0]
					}
				},
				"body2": {
					"rotation": {
						"0.0": [0, 0, 0],
						"0.2083": [-5, 0, 5],
						"0.375": [0, 0, 0],
						"0.5417": [-5, 0, -5],
						"0.75": [0, 0, 0]
					}
				},
				"body1": {
					"rotation": {
						"0.0": [0, 0, 0],
						"0.2083": [-7.5, 0, 5],
						"0.375": [0, 0, 0],
						"0.5417": [-7.5, 0, -5],
						"0.75": [0, 0, 0]
					}
				},
				"down_leg_left2": {
					"rotation": {
						"0.0": [0, 0, 0],
						"0.375": [0, 0, 5],
						"0.75": [0, 0, 0]
					}
				},
				"down_leg_left1": {
					"rotation": {
						"0.0": [0, 0, 0],
						"0.375": [0, 0, 5],
						"0.75": [0, 0, 0]
					}
				},
				"down_leg_right1": {
					"rotation": {
						"0.0": [0, 0, 0],
						"0.375": [0, 0, -5],
						"0.75": [0, 0, 0]
					}
				},
				"down_leg_right2": {
					"rotation": {
						"0.0": [0, 0, 0],
						"0.375": [0, 0, -5],
						"0.75": [0, 0, 0]
					}
				}
			}
		},
		"animation.mc_giant_wolf.attack2": {
			"animation_length": 0.75,
			"bones": {
				"head": {
					"rotation": {
						"0.0": [0, 0, 0],
						"0.2083": [-12.48107, -0.43523, 2.51893],
						"0.375": [0, 0, 0],
						"0.5417": [-12.48107, 0.43523, -2.51893],
						"0.75": [0, 0, 0]
					}
				},
				"tail": {
					"rotation": {
						"0.0": [0, 0, 0],
						"0.1667": [-37.5, 0, 0],
						"0.3333": [0, 0, 0],
						"0.5417": [37.5, 0, 0],
						"0.75": [0, 0, 0]
					}
				},
				"leg_left1": {
					"rotation": {
						"0.0": [0, 0, 0],
						"0.375": [10, 0, -5],
						"0.75": [0, 0, 0]
					}
				},
				"leg_left2": {
					"rotation": {
						"0.0": [0, 0, 0],
						"0.2083": [25.27515, 0.12101, -1.38361],
						"0.375": [25.27515, 0.12101, -1.38361],
						"0.5417": [20.27515, 0.12101, -1.38361],
						"0.75": [0, 0, 0]
					}
				},
				"leg_right1": {
					"rotation": {
						"0.0": [0, 0, 0],
						"0.125": [-90.41702, 25.22485, 43.39336],
						"0.2917": [-108.48475, -5.51458, 54.24746],
						"0.375": [10, 0, 5],
						"0.75": [0, 0, 0]
					}
				},
				"leg_right2": {
					"rotation": {
						"0.0": [0, 0, 0],
						"0.2083": [27.77515, 0.12101, 1.38361],
						"0.375": [27.77515, 0.12101, 1.38361],
						"0.75": [0, 0, 0]
					}
				},
				"mouth2": {
					"rotation": {
						"0.0": [0, 0, 0],
						"0.375": [57.5, 0, 0],
						"0.75": [0, 0, 0]
					}
				},
				"body2": {
					"rotation": {
						"0.0": [0, 0, 0],
						"0.2083": [-5, 0, 5],
						"0.375": [0, 0, 0],
						"0.5417": [-5, 0, -5],
						"0.75": [0, 0, 0]
					}
				},
				"body1": {
					"rotation": {
						"0.0": [0, 0, 0],
						"0.2083": [-7.5, 0, 5],
						"0.375": [0, 0, 0],
						"0.5417": [-7.5, 0, -5],
						"0.75": [0, 0, 0]
					}
				},
				"down_leg_left2": {
					"rotation": {
						"0.0": [0, 0, 0],
						"0.375": [0, 0, 5],
						"0.75": [0, 0, 0]
					}
				},
				"down_leg_left1": {
					"rotation": {
						"0.0": [0, 0, 0],
						"0.375": [0, 0, 5],
						"0.75": [0, 0, 0]
					}
				},
				"down_leg_right1": {
					"rotation": {
						"0.0": [0, 0, 0],
						"0.125": [-145, 77.5, -182.77778],
						"0.2917": [115.22972, 63.23154, 40.99671],
						"0.375": [0, 0, -5],
						"0.75": [0, 0, 0]
					}
				},