{
	"format_version": "1.8.0",
	"animations": {
		"animation.ogre.idle": {
			"loop": true,
			"animation_length": 2.5,
			"bones": {
				"Heads": {
					"position": {
						"0.0": [0, 0, 0],
						"1.25": [0, 0, 0],
						"2.5": [0, 0, 0]
					}
				},
				"Body": {
					"rotation": {
						"0.0": [0, 0, 0],
						"1.25": [5, 0, 0],
						"2.5": [0, 0, 0]
					}
				},
				"Arm_right": {
					"rotation": {
						"0.0": [0, 0, 0],
						"1.25": [-2.72348, 6.3202, -4.04618],
						"2.5": [0, 0, 0]
					},
					"position": {
						"0.0": [0, 0, 0],
						"1.25": [0, 0, -1],
						"2.5": [0, 0, 0]
					}
				},
				"Arm_left": {
					"rotation": {
						"0.0": [0, 0, 0],
						"1.25": [-2.72348, -6.3202, 4.04618],
						"2.5": [0, 0, 0]
					},
					"position": {
						"0.0": [0, 0, 0],
						"1.25": [0, 0, -1],
						"2.5": [0, 0, 0]
					}
				},
				"Baguiomarrom1": {
					"rotation": {
						"0.0": [0, 0, 0],
						"1.25": [-7.5, 0, 0],
						"2.5": [0, 0, 0]
					}
				},
				"Baguiomarrom2": {
					"rotation": {
						"0.0": [0, 0, 0],
						"1.25": [7.5, 0, 0],
						"2.5": [0, 0, 0]
					}
				}
			}
		},
		"animation.ogre.move": {
			"loop": true,
			"animation_length": 1.5,
			"bones": {
				"Heads": {
					"position": {
						"0.0": [0, 0, 0],
						"0.375": [0, 0, 0],
						"0.75": [0, 0, 0],
						"1.125": [0, 0, 0],
						"1.5": [0, 0, 0]
					}
				},
				"Body": {
					"rotation": {
						"0.0": [0, 0, 0],
						"0.375": [-2.5, 0, 0],
						"0.75": [0, 0, 0],
						"1.125": [2.5, 0, 0],
						"1.5": [0, 0, 0]
					}
				},
				"Cinto": {
					"rotation": {
						"0.0": [0, 0, 0],
						"0.375": [2.5, 0, 0],
						"0.75": [0, 0, 0],
						"1.125": [2.5, 0, 0],
						"1.5": [0, 0, 0]
					}
				},
				"Arm_right": {
					"rotation": {
						"0.0": [0, 0, 0],
						"0.375": [-27.5, 0, 0],
						"0.75": [0, 0, 0],
						"1.125": [27.5, 0, 0],
						"1.5": [0, 0, 0]
					},
					"position": {
						"0.0": [0, 0, 0],
						"0.375": [0, 0, 0],
						"0.75": [0, 0, 0],
						"1.125": [0, -1, -1],
						"1.5": [0, 0, 0]
					}
				},
				"Arm_left": {
					"rotation": {
						"0.0": [0, 0, 0],
						"0.375": [27.5, 0, 0],
						"0.75": [0, 0, 0],
						"1.125": [-27.5, 0, 0],
						"1.5": [0, 0, 0]
					},
					"position": {
						"0.0": [0, 0, 0],
						"0.375": [0, -1, -1],
						"0.75": [0, 0, 0],
						"1.125": [0, 0, 0],
						"1.5": [0, 0, 0]
					}
				},
				"Leg_right": {
					"rotation": {
						"0.0": [0, 0, 0],
						"0.375": [22.5, 0, 0],
						"0.75": [0, 0, 0],
						"1.1667": [-22.5, 0, 0],
						"1.5": [0, 0, 0]
					}
				},
				"Leg_left": {
					"rotation": {
						"0.0": [0, 0, 0],
						"0.375": [-22.5, 0, 0],
						"0.75": [0, 0, 0],
						"1.1667": [22.5, 0, 0],
						"1.5": [0, 0, 0]
					}
				},
				"Baguiomarrom2": {
					"rotation": {
						"0.0": [0, 0, 0],
						"0.2917": [22.5, 0, 0],
						"0.75": [0, 0, 0],
						"1.0417": [27.5, 0, 0],
						"1.5": [0, 0, 0]
					}
				},
				"Baguiomarrom1": {
					"rotation": {
						"0.0": [0, 0, 0],
						"0.2917": [-22.5, 0, 0],
						"0.75": [0, 0, 0],
						"1.0417": [-27.5, 0, 0],
						"1.5": [0, 0, 0]
					}
				}
			}
		},
		"animation.ogre.attack1": {
			"animation_length": 0.75,
			"bones": {
				"Heads": {
					"position": {
						"0.0": [0, 0, 0],
						"0.375": [0, 0, -0.5],
						"0.75": [0, 0, 0]
					}
				},
				"Arm_right": {
					"rotation": {
						"0.0": [0, 0, 0],
						"0.1667": [-69.78261, 32.82871, -1.83936],
						"0.375": [-62.73772, -12.3071, 2.20462],
						"0.75": [0, 0, 0]
					},
					"position": {
						"0.0": [0, 0, 0],
						"0.375": [0, -1, 0],
						"0.75": [0, 0, 0]
					}
				},
				"Arm_left": {
					"rotation": {
						"0.0": [0, 0, 0],
						"0.1667": [-12.48734, -0.29036, -4.99158],
						"0.75": [0, 0, 0]
					},
					"position": {
						"0.0": [0, 0, 0],
						"0.75": [0, 0, 0]
					}
				},
				"Boca": {
					"rotation": {
						"0.0": [0, 0, 0],
						"0.375": [15, 0, 0],
						"0.75": [0, 0, 0]
					}
				},
				"Body": {
					"rotation": {
						"0.0": [0, 0, 0],
						"0.375": [7.5, 0, 0],
						"0.75": [0, 0, 0]
					}
				},
				"Baguiomarrom1": {
					"rotation": {
						"0.0": [0, 0, 0],
						"0.375": [-7.5, 0, 0],
						"0.75": [0, 0, 0]
					}
				},
				"Baguiomarrom2": {
					"rotation": {
						"0.0": [0, 0, 0],
						"0.375": [5, 0, 0],
						"0.75": [0, 0, 0]
					}
				}
			}
		},
		"animation.ogre.attack2": {
			"animation_length": 0.75,
			"bones": {
				"Arm_right": {
					"rotation": {
						"0.0": [0, 0, 0],
						"0.25": [-62.5, -15, -10],
						"0.3333": [-90, -15, -10],
						"0.75": [0, 0, 0]
					}
				},
				"Arm_left": {
					"rotation": {
						"0.0": [0, 0, 0],
						"0.25": [-62.5, 15, 10],
						"0.3333": [-90, 15, 10],
						"0.75": [0, 0, 0]
					}
				},
				"Boca": {
					"rotation": {
						"0.0": [0, 0, 0],
						"0.375": [12.5, 0, 0],
						"0.75": [0, 0, 0]
					}
				},
				"Body": {
					"rotation": {
						"0.0": [0, 0, 0],
						"0.375": [7.5, 0, 0],
						"0.75": [0, 0, 0]
					}
				},
				"Heads": {
					"rotation": {
						"0.0": [0, 0, 0],
						"0.375": [0, 0, 0],
						"0.75": [0, 0, 0]
					}
				},
				"Leg_right": {
					"rotation": {
						"0.0": [0, 0, 0],
						"0.375": [10, 0, 0],
						"0.75": [0, 0, 0]
					}
				},
				"Leg_left": {
					"rotation": {
						"0.0": [0, 0, 0],
						"0.375": [-10, 0, 0],
						"0.75": [0, 0, 0]
					}
				},
				"Baguiomarrom1": {
					"rotation": {
						"0.0": [0, 0, 0],
						"0.25": [-22.5, 0, 0],
						"0.75": [0, 0, 0]
					}
				},
				"Baguiomarrom2": {
					"rotation": {
						"0.0": [0, 0, 0],
						"0.25": [12.5, 0, 0],
						"0.75": [0, 0, 0]
					}
				}
			}
		},
		"animation.ogre.attack3": {
			"loop": true,
			"animation_length": 2.25,
			"bones": {
				"Arm_right": {
					"rotation": {
						"0.0": [0, 0, 0],
						"0.375": [7.5, 7.5, 90],
						"2.25": [7.5, 7.5, 90]
					}
				},
				"Arm_left": {
					"rotation": {
						"0.0": [0, 0, 0],
						"0.25": [-62.5, 15, 10],
						"0.3333": [-90, 15, 10],
						"0.75": [0, 0, 0],
						"1.0833": [-57.04231, -40.86916, -47.94433],
						"2.25": [-57.04231, -40.86916, -47.94433]
					}
				},
				"Boca": {
					"rotation": {
						"0.0": [0, 0, 0],
						"0.375": [12.5, 0, 0],
						"0.75": [0, 0, 0]
					}
				},
				"Body": {
					"rotation": {
						"0.0": [0, 0, 0],
						"0.375": [7.5, 0, 0],
						"0.75": [0, 0, 0]
					}
				},
				"Heads": {
					"rotation": {
						"0.0": [0, 0, 0],
						"0.375": [0, 0, 0],
						"0.75": [0, 0, 0]
					}
				},
				"Leg_right": {
					"rotation": {
						"0.0": [0, 0, 0],
						"0.375": [10, 0, 0],
						"0.75": [0, 0, 0]
					}
				},
				"Leg_left": {
					"rotation": {
						"0.0": [0, 0, 0],
						"0.375": [-10, 0, 0],
						"0.75": [0, 0, 0]
					}
				},
				"Baguiomarrom1": {
					"rotation": {
						"0.0": [0, 0, 0],
						"0.25": [-22.5, 0, 0],
						"0.75": [0, 0, 0]
					}
				},
				"Baguiomarrom2": {
					"rotation": {
						"0.0": [0, 0, 0],
						"0.25": [12.5, 0, 0],
						"0.75": [0, 0, 0]
					}
				},
				"Axe": {
					"rotation": [144.63524, 16.43295, 198.48394],
					"position": [-3.0238, 2.43063, 5.82655]
				},
				"all": {
					"rotation": {
						"0.0": [0, 0, 0],
						"0.25": [0, -90, 0],
						"0.5": [0, -180, 0],
						"0.75": [0, -270, 0],
						"1.0": [0, -360, 0],
						"1.25": [0, -450, 0],
						"1.5": [0, -540, 0],
						"1.75": [0, -630, 0],
						"2.0": [0, -700, 0],
						"2.25": [0, -850, 0]
					}
				}
			}
		},
		"animation.ogre.roaring": {
			"animation_length": 3,
			"bones": {
				"Arm_right": {
					"rotation": {
						"0.0": [0, 0, 0],
						"0.25": [-31.65996, -17.26588, -21.741],
						"0.375": [-31.65996, -17.26588, -21.741],
						"0.5": [-121.98344, 34.85173, -8.66567],
						"0.75": [-114.04374, 18.10048, -5.85328],
						"1.0": [-121.98344, 34.85173, -8.66567],
						"1.1667": [0, 0, 0],
						"1.375": [43.39482, -27.79687, 26.25382],
						"1.5833": [80.385, 50.11068, 10.97884],