{
	"format_version": "1.8.0",
	"animations": {
		"animation.rock_golem.idle": {
			"loop": true,
			"animation_length": 3.20833,
			"bones": {
				"Body": {
					"rotation": {
						"0.0": [0, 0, 0],
						"1.2083": [12.5, 0, 0],
						"2.25": [0, 0, 0],
						"2.75": [-5, 0, 0],
						"3.2083": [0, 0, 0]
					}
				},
				"rightArm": {
					"rotation": {
						"0.0": [0, 0, 0],
						"1.2083": [-12.5, -12.5, -5],
						"2.25": [0, 0, 0],
						"2.75": [5, 0, 0],
						"3.2083": [0, 0, 0]
					}
				},
				"leftArm": {
					"rotation": {
						"0.0": [0, 0, 0],
						"1.2083": [-12.5, 12.5, 5],
						"2.25": [0, 0, 0],
						"2.75": [5, 0, 0],
						"3.2083": [0, 0, 0]
					}
				},
				"projectile": {
					"scale": 0
				}
			}
		},
		"animation.rock_golem.move": {
			"loop": true,
			"animation_length": 2,
			"bones": {
				"All": {
					"rotation": {
						"0.0": [0, 0, 0],
						"0.5": [0, 7.5, 0],
						"1.0": [0, 0, 0],
						"1.5": [0, -7.5, 0],
						"2.0": [0, 0, 0]
					}
				},
				"Head": {
					"rotation": {
						"0.0": [0, 0, 0],
						"0.5": [0, 10, 0],
						"1.0": [0, 0, 0],
						"1.5": [0, -12.5, 0],
						"2.0": [0, 0, 0]
					}
				},
				"rightArm": {
					"rotation": {
						"0.0": [0, 0, 0],
						"0.5": [17.5, -7.5, 0],
						"1.0": [0, 0, 0],
						"1.5": [-32.5, -10, 0],
						"2.0": [0, 0, 0]
					}
				},
				"leftArm": {
					"rotation": {
						"0.0": [0, 0, 0],
						"0.5": [-32.5, 10, 0],
						"1.0": [0, 0, 0],
						"1.5": [17.5, 7.5, 0],
						"2.0": [0, 0, 0]
					}
				},
				"rightLeg": {
					"rotation": {
						"0.0": [0, 0, 0],
						"0.5": [-20, 0, 0],
						"1.0": [0, 0, 0],
						"1.5": [20, 0, 0],
						"2.0": [0, 0, 0]
					}
				},
				"leftLeg": {
					"rotation": {
						"0.0": [0, 0, 0],
						"0.5": [20, 0, 0],
						"1.0": [0, 0, 0],
						"1.5": [-20, 0, 0],
						"2.0": [0, 0, 0]
					}
				},
				"projectile": {
					"scale": 0
				}
			}
		},
		"animation.rock_golem.stay": {
			"loop": true,
			"animation_length": 4,
			"bones": {
				"Body": {
					"rotation": {
						"0.0": [17.5, 0, 0],
						"2.0": [12.5, 0, 0],
						"4.0": [17.5, 0, 0]
					}
				},
				"rightArm": {
					"rotation": {
						"0.0": [-85.59695, 36.75619, 4.01213],
						"2.0": [-83.49498, 31.7903, 3.306],
						"4.0": [-85.59695, 36.75619, 4.01213]
					},
					"position": [4, 1, 2]
				},
				"leftArm": {
					"rotation": {
						"0.0": [-85.59695, -36.7562, -4.0121],
						"2.0": [-83.49498, -31.79025, -3.306],
						"4.0": [-85.59695, -36.7562, -4.0121]
					},
					"position": [-4, 0, 2]
				},
				"All": {
					"position": [0, -22, 4]
				},
				"lock_eyes": {
					"position": [0, 0, -1.1]
				},
				"projectile": {
					"scale": 0
				}
			}
		},
		"animation.rock_golem.up": {
			"animation_length": 2.91667,
			"bones": {
				"Body": {
					"rotation": {
						"0.0": [17.5, 0, 0],
						"0.5833": [12.5, 0, 0],
						"1.0": [17.5, 0, 0],
						"1.25": [17.43745, 1.50179, -4.76968],
						"1.375": [17.43745, -1.50179, 4.76968],
						"1.5": [17.43745, 1.50179, -4.76968],
						"1.625": [17.43745, -1.50179, 4.76968],
						"1.875": [17.5, 0, 0],
						"2.0": [0, 0, 0],
						"2.125": [0, 0, 0],
						"2.3333": [5, 0, 0],
						"2.4583": [0, 0, 0],
						"2.5833": [5, 0, 0],
						"2.8333": [0, 0, 0]
					}
				},
				"rightArm": {
					"rotation": {
						"0.0": [-85.59695, 36.75619, 4.01213],
						"0.625": [-83.49498, 31.7903, 3.306],
						"1.0": [-85.59695, 36.75619, 4.01213],
						"1.0833": [-58.91749, 9.90785, -16.24453],
						"1.25": [17.42871, 44.43828, 30.34908],
						"1.375": [-58.91749, 9.90785, -16.24453],
						"1.5": [17.42871, 44.43828, 30.34908],
						"1.625": [-58.91749, 9.90785, -16.24453],
						"1.7917": [17.42871, 44.43828, 30.34908],
						"1.875": [0, 0, 0],
						"2.0": [-12.39638, -1.6189, -27.3242],
						"2.125": [-12.39638, -1.6189, -27.3242],
						"2.3333": [-39.15517, 11.06862, 98.06678],
						"2.4583": [-52.42574, 3.17641, 91.87275],
						"2.5833": [-39.15517, 11.06862, 98.06678],
						"2.8333": [0, 0, 0]
					},
					"position": {
						"0.0": [4, 1, 2],
						"1.0": [4, 1, 2],
						"1.0833": [4, 1, 2],
						"1.7917": [5, 1, 2],
						"1.875": [0, 0, 0],
						"2.125": [0, -1, 0],
						"2.3333": [2, -2, 0],
						"2.5833": [2, -2, 0],
						"2.8333": [0, 0, 0]
					}
				},
				"leftArm": {
					"rotation": {
						"0.0": [-85.59695, -36.7562, -4.0121],
						"1.0": [-85.59695, -36.7562, -4.0121],
						"1.0833": [17.42871, -44.4383, -30.3491],
						"1.25": [-58.91749, -9.9078, 16.2445],
						"1.375": [17.42871, -44.4383, -30.3491],
						"1.5": [-58.91749, -9.9078, 16.2445],
						"1.625": [17.42871, -44.4383, -30.3491],
						"1.7917": [-58.91749, -9.9078, 16.2445],
						"1.875": [0, 0, 0],
						"2.0": [-12.39638, 1.61888, 27.32417],
						"2.125": [-12.39638, 1.61888, 27.32417],
						"2.3333": [-39.15517, -11.0686, -98.0668],
						"2.4583": [-52.42574, -3.1764, -91.8727],
						"2.5833": [-39.15517, -11.0686, -98.0668],
						"2.8333": [0, 0, 0]
					},
					"position": {
						"0.0": [-4, 0, 2],
						"1.0": [-4, 0, 2],
						"1.0833": [-4, 1, 2],
						"1.7917": [-4, -1, 3],
						"1.875": [0, 0, 0],
						"2.125": [0, -1, 0],
						"2.3333": [-2, -2, 0],
						"2.5833": [-2, -2, 0],
						"2.8333": [0, 0, 0]
					}
				},
				"All": {
					"rotation": {
						"0.0": [0, 0, 0],
						"0.25": [0, 0, 0],
						"0.375": [-2.47864, -0.32621, -9.99294],
						"0.5": [0, 0, 0],
						"0.625": [-2.4905, 0.21782, 7.49527],
						"0.75": [0, 0, 0],
						"0.875": [-14.97864, -0.32621, -9.99294],
						"1.0": [0, 0, 0],
						"1.875": [0, 0, 0],
						"2.8333": [0, 0, 0]
					},
					"position": {
						"0.0": [0, -22, 4],
						"1.0": [0, -22, 4],
						"1.875": [0, 0, 0],
						"2.8333": [0, 0, 0]
					}
				},
				"lock_eyes": {
					"position": {
						"0.0": [0, 0.2, -1.1],
						"0.1667": [0, 0.2, -1.1],
						"0.2083": [0, 1.5, -1.5],
						"1.375": [0, 1.5, -1.5],
						"1.4167": [0, 0, 0]
					}
				},
				"Mouth": {
					"rotation": {
						"0.0": [0, 0, 0],
						"2.0417": [0, 0, 0],
						"2.125": [20, 0, 0],
						"2.8333": [0, 0, 0]
					}
				},
				"rightLeg": {
					"rotation": {
						"0.0": [0, 0, 0],
						"1.125": [0, 0, 0],
						"1.375": [-47.5, 0, 0],
						"1.4583": [0, 0, 0],
						"1.5417": [42.5, 0, 0],
						"1.625": [-47.5, 0, 0],
						"1.7083": [0, 0, 0],
						"1.7917": [42.5, 0, 0],
						"1.875": [0, 0, 0]
					}
				},
				"leftLeg": {
					"rotation": {
						"0.0": [0, 0, 0],
						"1.125": [0, 0, 0],
						"1.375": [42.5, 0, 0],
						"1.4583": [0, 0, 0],
						"1.5417": [-47.5, 0, 0],
						"1.625": [42.5, 0, 0],
						"1.7083": [0, 0, 0],
						"1.7917": [-47.5, 0, 0],
						"1.875": [0, 0, 0]
					}
				},
				"projectile": {
					"scale": 0
				}
			}
		},
		"animation.rock_golem.attack1": {
			"animation_length": 0.75,
			"bones": {
				"Body": {
					"rotation": {
						"0.0": [0, 0, 0],
						"0.1667": [0, -10, 0],
						"0.375": [0, 0, 0],
						"0.5833": [0, 10, 0],
						"0.75": [0, 0, 0]
					}
				},
				"Mouth": {
					"rotation": {
						"0.0": [0, 0, 0],
						"0.375": [10, 0, 0],
						"0.7083": [0, 0, 0]
					}
				},
				"rightArm": {
					"rotation": {
						"0.0": [0, 0, 0],
						"0.1667": [10, 0, 15],
						"0.375": [-60, -10, 0],
						"0.5833": [-67.5, -47.5, 0],
						"0.75": [0, 0, 0]
					}
				},
				"leftArm": {
					"rotation": {
						"0.0": [0, 0, 0],
						"0.2083": [-17.5, 12.5, 2.5],
						"0.5417": [0, 0, 0],
						"0.75": [0, 0, 0]
					}
				},
				"rightLeg": {
					"rotation": {
						"0.0": [0, 0, 0],
						"0.2083": [15, -10, 0],
						"0.375": [0, 0, 0],
						"0.5417": [-15, 10, 0],
						"0.75": [0, 0, 0]
					}
				},
				"leftLeg": {
					"rotation": {
						"0.0": [0, 0, 0],
						"0.2083": [-15, -10, 0],
						"0.375": [0, 0, 0],
						"0.5417": [15, 10, 0],
						"0.75": [0, 0, 0]
					}
				},
				"projectile": {
					"scale": 0
				}
			}
		},