{
	"format_version": "1.8.0",
	"animations": {
		"animation.humanoid.rope.climb_up": {
			"loop": true,
			"animation_length": 1,
			"bones": {
				"root": {
					"rotation": {
						"0.0": [10, 0, 0],
						"0.5": [-7.5, 0, 0],
						"1.0": [10, 0, 0]
					},
					"position": {
						"0.0": [0, 0, 4],
						"0.5": [0, 0, 2],
						"1.0": [0, 0, 4]
					}
				},
				"body": {
					"rotation": {
						"0.0": [0, 10, 0],
						"0.5": [0, -10, 0],
						"1.0": [0, 10, 0]
					}
				},
				"waist": {
					"rotation": {
						"0.0": [-10, 0, 0],
						"0.25": [-5, 0, 0],
						"0.5": [-10, 0, 0],
						"0.75": [-5, 0, 0],
						"1.0": [-10, 0, 0]
					}
				},
				"head": {
					"rotation": [10, 0, 0]
				},
				"leftArm": {
					"rotation": {
						"0.0": [-133.81893, 13.80192, -10.86531],
						"0.5": [-49.47632, 28.02432, 21.88151],
						"0.6": [-65.42076, 17.31765, 19.99564],
						"0.75": [-91.655, -21.57081, 6.70497],
						"1.0": [-133.81893, 13.80192, -10.86531]
					},
					"position": {
						"0.0": [-1, 2, -2],
						"0.5": [0, -1, -1],
						"0.75": [0.5, 0.5, 1.5],
						"1.0": [-1, 2, -2]
					}
				},
				"rightArm": {
					"rotation": {
						"0.0": [-49.47632, -28.02432, -21.88151],
						"0.1": [-65.42076, -17.31765, -19.99564],
						"0.25": [-91.655, 21.57081, -6.70497],
						"0.5": [-133.81893, -13.80192, 10.86531],
						"1.0": [-49.47632, -28.02432, -21.88151]
					},
					"position": {
						"0.0": [0, -1, -1],
						"0.25": [-0.5, 0.5, 1.5],
						"0.5": [1, 2, -2],
						"1.0": [0, -1, -1]
					}
				},
				"leftLeg": {
					"rotation": {
						"0.0": [9.85108, 1.72794, -9.85108],
						"0.6": [-10.14892, 1.72794, -9.85108],
						"1.0": [9.85108, 1.72794, -9.85108]
					},
					"position": {
						"0.0": [0, 0, 1],
						"0.3": [1, 1.5, -0.5],
						"0.6": [0, 0, -1],
						"1.0": [0, 0, 1]
					}
				},
				"rightLeg": {
					"rotation": {
						"0.0": [9.85108, -1.72794, 9.85108],
						"0.4": [-10.14892, -1.72794, 9.85108],
						"1.0": [9.85108, -1.72794, 9.85108]
					},
					"position": {
						"0.0": [0, 0, 1],
						"0.4": [0, 2, -1],
						"0.75": [-1, 0.42, -0.42],
						"1.0": [0, 0, 1]
					}
				}
			}
		},
		"animation.humanoid.rope.climb_down": {
			"loop": true,
			"animation_length": 1,
			"bones": {
				"root": {
					"rotation": {
						"0.0": [5, 0, 0],
						"0.5": [-5, 0, 0],
						"1.0": [5, 0, 0]
					},
					"position": {
						"0.0": [0, 0, 4],
						"1.0": [0, 0, 4]
					}
				},
				"body": {
					"rotation": {
						"0.0": [0, 10, 0],
						"0.5": [0, -10, 0],
						"1.0": [0, 10, 0]
					}
				},
				"waist": {
					"rotation": {
						"0.0": [-10, 0, 0],
						"0.25": [-5, 0, 0],
						"0.5": [-10, 0, 0],
						"0.75": [-5, 0, 0],
						"1.0": [-10, 0, 0]
					}
				},
				"head": {
					"rotation": [10, 0, 0]
				},
				"leftArm": {
					"rotation": {
						"0.0": [-133.81893, 13.80192, -10.86531],
						"0.1": [-117.28137, 8.5583, -8.40248],
						"0.25": [-91.655, -21.57081, 6.70497],
						"0.4": [-65.42076, 17.31765, 19.99564],
						"0.5": [-49.47632, 28.02432, 21.88151],
						"1.0": [-133.81893, 13.80192, -10.86531]
					},
					"position": {
						"0.0": [-1, 2, -2],
						"0.25": [0.5, 0.5, 1.5],
						"0.5": [0, -1, -1],
						"1.0": [-1, 2, -2]
					}
				},
				"rightArm": {
					"rotation": {
						"0.0": [-49.47632, -28.02432, -21.88151],
						"0.5": [-133.81893, -13.80192, 10.86531],
						"0.6": [-117.28137, -8.5583, 8.40248],
						"0.75": [-91.655, 21.57081, -6.70497],
						"1.0": [-49.47632, -28.02432, -21.88151]
					},
					"position": {
						"0.0": [0, -1, -1],
						"0.5": [1, 2, -2],
						"0.75": [-0.5, 0.5, 1.5],
						"1.0": [0, -1, -1]
					}
				},
				"leftLeg": {
					"rotation": {
						"0.0": [9.85108, 1.72794, -9.85108],
						"0.6": [-10.14892, 1.72794, -9.85108],
						"1.0": [9.85108, 1.72794, -9.85108]
					},
					"position": {
						"0.0": [0, 0, 1],
						"0.3": [1, 1.5, -0.5],
						"0.6": [0, 0, -1],
						"1.0": [0, 0, 1]
					}
				},
				"rightLeg": {
					"rotation": {
						"0.0": [9.85108, -1.72794, 9.85108],
						"0.4": [-10.14892, -1.72794, 9.85108],
						"1.0": [9.85108, -1.72794, 9.85108]
					},
					"position": {
						"0.0": [0, 0, 1],
						"0.4": [0, 2, -1],
						"0.75": [-1, 0.42, -0.42],
						"1.0": [0, 0, 1]
					}
				}
			}
		},
		"animation.humanoid.rope.steady": {
			"loop": true,
			"bones": {
				"root": {
					"rotation": [-17.5, 0, 0],
					"position": [0, 0, -1]
				},
				"waist": {
					"rotation": [-10, 0, 0]
				},
				"leftArm": {
					"rotation": [-133.81893, 13.80192, -10.86531],
					"position": [-1, 2, -2]
				},
				"rightArm": {
					"rotation": [-133.81893, -13.80192, 10.86531],
					"position": [1, 2, -2]
				},
				"leftLeg": {
					"rotation": [15, 0, 0]
				},
				"rightLeg": {
					"rotation": [15, 0, 0]
				}
			}
		},
		"animation.humanoid.rope.climb_down_boost": {
			"loop": true,
			"animation_length": 1,
			"bones": {
				"root": {
					"rotation": [-12.5, 0, 0],
					"position": [0, 0, 1]
				},
				"waist": {
					"rotation": {
						"0.0": [-10, 0, 0],
						"0.125": [-10.03468, -5.35793, -1.59189],
						"0.2917": [-7.47203, 0.72278, 4.1036],
						"0.4583": [-9.39735, 5.19511, 0.83066],
						"0.5833": [-7.95259, 2.74488, 2.34326],
						"0.75": [-6.89402, -3.83775, -0.16802],
						"0.875": [-9.37982, 1.12622, -0.76755],
						"1.0": [-10, 0, 0]
					}
				},
				"leftArm": {
					"rotation": {
						"0.0": [-133.81893, 13.80192, -10.86531],
						"0.1667": [-134.07226, 5.07424, -16.38946],
						"0.2917": [-135.85376, 13.76976, -14.01081],
						"0.4167": [-136.57226, 5.07424, -16.38946],
						"0.5417": [-135.58836, 10.1711, -7.35038],
						"0.7083": [-130.4444, 12.02198, -12.17694],
						"0.7917": [-131.45236, 3.20208, -14.72825],
						"1.0": [-133.81893, 13.80192, -10.86531]
					},
					"position": [-1, 2, -2]
				},
				"rightArm": {
					"rotation": {
						"0.0": [-133.81893, -13.80192, 10.86531],
						"0.125": [-135.58836, -10.1711, 7.35038],
						"0.25": [-134.07226, -5.07424, 16.38946],
						"0.375": [-136.57226, -5.07424, 16.38946],
						"0.4583": [-131.45236, -3.20208, 14.72825],
						"0.6667": [-135.85376, -13.76976, 14.01081],
						"0.7917": [-130.4444, -12.02198, 12.17694],
						"1.0": [-133.81893, -13.80192, 10.86531]
					},
					"position": [1, 2, -2]
				},
				"leftLeg": {
					"rotation": [0, 0, -15],
					"position": [1, 0, -1]
				},
				"rightLeg": {
					"rotation": [0, 0, 15],
					"position": [-1, 0, -1]
				}
			}
		},
		"animation.humanoid.rope.stop": {
			"loop": true
		}
	}
}